EXT1,EXT2,EXT3,EXT4,EXT5,EXT6,EXT7,EXT8,EXT9,EXT10
4.0,1.0,5.0,2.0,5.0,1.0,5.0,2.0,4.0,1.0
3.0,5.0,3.0,4.0,3.0,3.0,2.0,5.0,1.0,5.0
2.0,3.0,4.0,4.0,3.0,2.0,1.0,3.0,2.0,5.0
2.0,2.0,2.0,3.0,4.0,2.0,2.0,4.0,1.0,4.0
3.0,3.0,3.0,3.0,5.0,3.0,3.0,5.0,3.0,4.0
3.0,3.0,4.0,2.0,4.0,2.0,2.0,3.0,3.0,4.0
4.0,3.0,4.0,3.0,3.0,3.0,5.0,3.0,4.0,3.0
3.0,1.0,5.0,2.0,5.0,2.0,5.0,2.0,3.0,2.0
2.0,2.0,3.0,3.0,4.0,2.0,2.0,2.0,4.0,4.0
1.0,5.0,3.0,5.0,2.0,3.0,2.0,4.0,5.0,4.0
3.0,3.0,2.0,3.0,3.0,2.0,4.0,3.0,3.0,5.0
3.0,1.0,5.0,3.0,5.0,1.0,5.0,5.0,5.0,3.0
4.0,1.0,5.0,4.0,5.0,1.0,4.0,1.0,5.0,2.0
1.0,5.0,1.0,5.0,1.0,5.0,1.0,5.0,1.0,5.0
1.0,5.0,2.0,5.0,1.0,4.0,1.0,2.0,2.0,5.0
2.0,1.0,3.0,4.0,4.0,3.0,5.0,3.0,3.0,5.0
1.0,4.0,2.0,4.0,2.0,3.0,2.0,4.0,2.0,4.0
4.0,1.0,5.0,2.0,4.0,2.0,3.0,2.0,4.0,2.0
4.0,2.0,5.0,3.0,4.0,4.0,5.0,2.0,5.0,2.0
5.0,1.0,5.0,2.0,5.0,1.0,5.0,3.0,5.0,4.0
3.0,3.0,2.0,3.0,4.0,3.0,1.0,5.0,1.0,2.0
3.0,2.0,2.0,4.0,4.0,4.0,5.0,3.0,1.0,3.0
1.0,4.0,3.0,4.0,2.0,3.0,2.0,5.0,2.0,5.0
3.0,4.0,4.0,3.0,3.0,4.0,2.0,2.0,0.0,5.0
1.0,5.0,1.0,4.0,1.0,5.0,1.0,5.0,1.0,5.0
2.0,2.0,3.0,5.0,5.0,3.0,5.0,5.0,4.0,5.0
4.0,1.0,5.0,3.0,5.0,1.0,5.0,5.0,5.0,1.0
1.0,3.0,1.0,5.0,1.0,4.0,1.0,5.0,1.0,5.0
2.0,2.0,3.0,5.0,3.0,3.0,1.0,4.0,1.0,3.0
2.0,4.0,4.0,2.0,3.0,3.0,3.0,3.0,3.0,3.0
2.0,4.0,5.0,4.0,4.0,1.0,5.0,4.0,4.0,3.0
2.0,4.0,2.0,4.0,3.0,4.0,2.0,5.0,2.0,4.0
3.0,2.0,4.0,2.0,2.0,3.0,3.0,2.0,4.0,4.0
3.0,4.0,3.0,2.0,5.0,4.0,2.0,4.0,4.0,4.0
2.0,2.0,0.0,2.0,5.0,1.0,2.0,3.0,3.0,4.0
1.0,4.0,4.0,5.0,4.0,3.0,3.0,5.0,1.0,3.0
5.0,1.0,4.0,1.0,5.0,2.0,5.0,2.0,5.0,3.0
3.0,2.0,3.0,4.0,2.0,2.0,3.0,4.0,3.0,4.0
2.0,3.0,3.0,4.0,2.0,4.0,1.0,3.0,3.0,4.0
5.0,1.0,5.0,2.0,5.0,1.0,5.0,2.0,4.0,2.0
2.0,3.0,3.0,4.0,3.0,3.0,1.0,4.0,2.0,3.0
3.0,4.0,3.0,4.0,4.0,2.0,2.0,2.0,4.0,4.0
3.0,3.0,5.0,2.0,5.0,1.0,4.0,2.0,5.0,1.0
2.0,1.0,4.0,1.0,5.0,2.0,2.0,5.0,1.0,3.0
2.0,4.0,5.0,3.0,5.0,1.0,3.0,5.0,5.0,5.0
3.0,1.0,4.0,3.0,4.0,2.0,3.0,2.0,4.0,5.0
4.0,2.0,4.0,2.0,3.0,0.0,2.0,2.0,4.0,3.0
3.0,3.0,4.0,3.0,4.0,0.0,4.0,3.0,2.0,3.0
2.0,4.0,4.0,2.0,3.0,2.0,2.0,4.0,1.0,5.0
3.0,5.0,4.0,3.0,3.0,4.0,2.0,2.0,2.0,4.0
4.0,1.0,5.0,1.0,5.0,2.0,5.0,1.0,5.0,1.0
1.0,2.0,3.0,4.0,3.0,3.0,2.0,5.0,1.0,5.0
1.0,4.0,1.0,3.0,2.0,3.0,2.0,3.0,4.0,4.0
1.0,4.0,5.0,4.0,4.0,1.0,2.0,1.0,1.0,2.0
2.0,4.0,4.0,4.0,4.0,2.0,2.0,4.0,4.0,4.0
5.0,1.0,5.0,2.0,4.0,1.0,4.0,3.0,4.0,2.0
2.0,4.0,3.0,5.0,2.0,4.0,3.0,3.0,4.0,5.0
3.0,2.0,5.0,1.0,3.0,2.0,5.0,3.0,2.0,4.0
4.0,5.0,4.0,4.0,4.0,1.0,2.0,2.0,0.0,3.0
3.0,3.0,4.0,3.0,2.0,2.0,3.0,5.0,4.0,5.0
2.0,1.0,3.0,3.0,5.0,2.0,4.0,5.0,5.0,3.0
5.0,1.0,5.0,1.0,5.0,1.0,5.0,3.0,3.0,3.0
5.0,1.0,3.0,1.0,5.0,1.0,5.0,1.0,5.0,1.0
4.0,1.0,4.0,2.0,5.0,1.0,4.0,2.0,5.0,2.0
1.0,4.0,3.0,5.0,2.0,5.0,3.0,4.0,4.0,3.0
3.0,3.0,2.0,2.0,4.0,2.0,3.0,3.0,4.0,3.0
2.0,3.0,2.0,4.0,2.0,2.0,2.0,3.0,3.0,4.0
4.0,3.0,4.0,2.0,2.0,4.0,4.0,2.0,4.0,4.0
3.0,5.0,3.0,4.0,2.0,5.0,2.0,4.0,5.0,5.0
1.0,5.0,2.0,4.0,2.0,4.0,1.0,2.0,4.0,5.0
3.0,4.0,5.0,3.0,5.0,2.0,4.0,4.0,5.0,3.0
3.0,4.0,1.0,4.0,3.0,2.0,2.0,4.0,3.0,5.0
1.0,5.0,1.0,5.0,1.0,5.0,1.0,5.0,1.0,1.0
2.0,3.0,3.0,3.0,3.0,3.0,4.0,3.0,3.0,4.0
2.0,2.0,3.0,3.0,5.0,2.0,2.0,5.0,2.0,3.0
1.0,4.0,2.0,5.0,3.0,1.0,1.0,5.0,3.0,5.0
4.0,2.0,5.0,2.0,5.0,1.0,4.0,2.0,4.0,2.0
1.0,5.0,3.0,4.0,3.0,5.0,2.0,4.0,2.0,3.0
2.0,2.0,2.0,4.0,3.0,2.0,1.0,4.0,4.0,5.0
3.0,2.0,5.0,3.0,4.0,2.0,4.0,3.0,3.0,3.0
4.0,1.0,5.0,2.0,5.0,1.0,4.0,2.0,4.0,2.0
3.0,1.0,5.0,2.0,5.0,1.0,4.0,3.0,4.0,1.0
4.0,2.0,3.0,3.0,4.0,2.0,4.0,2.0,4.0,4.0
1.0,5.0,1.0,5.0,1.0,5.0,1.0,5.0,1.0,5.0
4.0,3.0,3.0,3.0,4.0,1.0,3.0,3.0,4.0,5.0
4.0,1.0,5.0,2.0,4.0,1.0,4.0,4.0,2.0,3.0
2.0,4.0,2.0,5.0,1.0,2.0,2.0,4.0,2.0,5.0
4.0,1.0,5.0,1.0,5.0,1.0,4.0,2.0,4.0,2.0
3.0,2.0,3.0,2.0,4.0,2.0,3.0,4.0,2.0,1.0
4.0,1.0,4.0,4.0,5.0,1.0,5.0,1.0,5.0,2.0
3.0,3.0,5.0,3.0,5.0,2.0,3.0,3.0,4.0,3.0
4.0,1.0,2.0,2.0,4.0,1.0,3.0,2.0,4.0,5.0
2.0,4.0,4.0,5.0,3.0,4.0,1.0,5.0,2.0,5.0
2.0,2.0,4.0,3.0,5.0,3.0,4.0,3.0,4.0,3.0
1.0,4.0,3.0,4.0,3.0,3.0,2.0,4.0,2.0,4.0
3.0,2.0,3.0,2.0,4.0,2.0,4.0,3.0,4.0,3.0
1.0,1.0,5.0,1.0,5.0,1.0,1.0,1.0,1.0,2.0
4.0,3.0,5.0,2.0,5.0,1.0,4.0,3.0,4.0,3.0
3.0,4.0,2.0,2.0,3.0,2.0,2.0,3.0,1.0,3.0
2.0,4.0,2.0,4.0,3.0,4.0,3.0,5.0,2.0,5.0
3.0,2.0,5.0,3.0,4.0,2.0,4.0,3.0,3.0,3.0
1.0,4.0,2.0,4.0,2.0,2.0,2.0,4.0,1.0,4.0
2.0,2.0,5.0,3.0,5.0,2.0,5.0,4.0,3.0,2.0
3.0,2.0,4.0,3.0,4.0,2.0,4.0,3.0,4.0,2.0
3.0,1.0,5.0,4.0,5.0,2.0,3.0,4.0,4.0,2.0
3.0,3.0,3.0,4.0,4.0,2.0,2.0,3.0,2.0,3.0
2.0,5.0,3.0,5.0,2.0,5.0,2.0,5.0,2.0,5.0
2.0,1.0,4.0,2.0,4.0,2.0,4.0,3.0,2.0,4.0
4.0,2.0,5.0,2.0,3.0,2.0,3.0,4.0,4.0,2.0
4.0,1.0,4.0,2.0,4.0,3.0,5.0,2.0,5.0,2.0
1.0,5.0,1.0,4.0,1.0,4.0,1.0,5.0,2.0,5.0
2.0,2.0,5.0,4.0,5.0,1.0,3.0,4.0,2.0,3.0
1.0,3.0,5.0,4.0,4.0,4.0,1.0,3.0,1.0,4.0
4.0,3.0,1.0,3.0,3.0,1.0,4.0,5.0,3.0,5.0
4.0,2.0,4.0,3.0,5.0,2.0,4.0,4.0,2.0,2.0
3.0,4.0,4.0,3.0,3.0,2.0,4.0,3.0,3.0,2.0
2.0,3.0,3.0,3.0,3.0,3.0,4.0,4.0,2.0,2.0
2.0,4.0,3.0,4.0,4.0,3.0,2.0,3.0,2.0,3.0
1.0,1.0,1.0,5.0,1.0,1.0,1.0,5.0,5.0,5.0
3.0,2.0,4.0,2.0,4.0,1.0,3.0,3.0,4.0,2.0
2.0,4.0,2.0,4.0,2.0,4.0,1.0,4.0,2.0,5.0
1.0,4.0,2.0,4.0,3.0,4.0,2.0,1.0,2.0,4.0
4.0,1.0,4.0,4.0,5.0,1.0,5.0,1.0,5.0,2.0
4.0,5.0,4.0,3.0,1.0,1.0,1.0,5.0,4.0,5.0
4.0,2.0,4.0,3.0,4.0,2.0,2.0,3.0,4.0,3.0
1.0,4.0,4.0,3.0,4.0,2.0,3.0,4.0,3.0,2.0
3.0,2.0,4.0,3.0,4.0,2.0,2.0,3.0,3.0,2.0
1.0,1.0,3.0,2.0,5.0,1.0,5.0,3.0,2.0,2.0
1.0,2.0,3.0,5.0,3.0,1.0,2.0,4.0,2.0,3.0
4.0,1.0,4.0,2.0,5.0,1.0,4.0,3.0,4.0,2.0
3.0,2.0,5.0,3.0,4.0,1.0,4.0,4.0,3.0,2.0
3.0,4.0,3.0,3.0,3.0,2.0,2.0,5.0,1.0,5.0
2.0,1.0,4.0,3.0,4.0,3.0,2.0,3.0,2.0,4.0
3.0,4.0,4.0,3.0,3.0,2.0,3.0,3.0,3.0,3.0
2.0,3.0,4.0,3.0,4.0,4.0,4.0,3.0,4.0,3.0
2.0,2.0,2.0,3.0,4.0,2.0,4.0,5.0,2.0,2.0
2.0,2.0,2.0,2.0,2.0,3.0,1.0,2.0,1.0,5.0
2.0,3.0,2.0,4.0,2.0,2.0,2.0,4.0,2.0,4.0
1.0,3.0,3.0,2.0,4.0,2.0,2.0,2.0,5.0,3.0
3.0,1.0,2.0,3.0,5.0,2.0,4.0,3.0,3.0,3.0
3.0,4.0,3.0,5.0,3.0,5.0,2.0,4.0,2.0,4.0
3.0,4.0,5.0,4.0,3.0,2.0,5.0,5.0,1.0,4.0
4.0,1.0,5.0,2.0,5.0,1.0,0.0,2.0,5.0,3.0
3.0,1.0,4.0,2.0,4.0,2.0,3.0,3.0,4.0,3.0
1.0,4.0,2.0,5.0,3.0,4.0,4.0,5.0,1.0,5.0
3.0,3.0,5.0,2.0,5.0,1.0,4.0,2.0,5.0,2.0
4.0,1.0,5.0,1.0,5.0,1.0,4.0,2.0,3.0,1.0
1.0,2.0,5.0,4.0,5.0,2.0,5.0,5.0,2.0,2.0
3.0,1.0,3.0,1.0,5.0,1.0,1.0,1.0,3.0,5.0
3.0,1.0,5.0,2.0,5.0,2.0,4.0,3.0,4.0,2.0
3.0,1.0,5.0,3.0,5.0,1.0,5.0,3.0,3.0,2.0
4.0,2.0,4.0,2.0,5.0,2.0,4.0,2.0,5.0,2.0
3.0,4.0,3.0,3.0,2.0,4.0,2.0,4.0,1.0,3.0
3.0,2.0,4.0,3.0,4.0,4.0,3.0,4.0,2.0,4.0
1.0,5.0,1.0,2.0,2.0,1.0,3.0,2.0,4.0,5.0
3.0,5.0,3.0,3.0,3.0,5.0,1.0,5.0,1.0,5.0
2.0,2.0,2.0,4.0,4.0,3.0,3.0,4.0,2.0,4.0
3.0,2.0,4.0,3.0,3.0,4.0,4.0,4.0,2.0,4.0
1.0,3.0,3.0,4.0,3.0,1.0,1.0,1.0,5.0,4.0
2.0,2.0,2.0,2.0,1.0,1.0,2.0,4.0,1.0,5.0
3.0,2.0,3.0,4.0,2.0,3.0,1.0,2.0,1.0,4.0
3.0,5.0,5.0,3.0,4.0,4.0,4.0,1.0,1.0,4.0
4.0,1.0,4.0,1.0,4.0,1.0,5.0,4.0,5.0,2.0
5.0,1.0,3.0,2.0,4.0,1.0,4.0,2.0,4.0,3.0
3.0,2.0,4.0,2.0,4.0,2.0,3.0,3.0,3.0,3.0
3.0,3.0,3.0,3.0,3.0,3.0,3.0,3.0,3.0,3.0
5.0,1.0,5.0,1.0,5.0,1.0,5.0,1.0,5.0,1.0
3.0,3.0,4.0,3.0,3.0,2.0,4.0,3.0,3.0,3.0
1.0,5.0,1.0,3.0,2.0,4.0,2.0,5.0,3.0,5.0
3.0,3.0,3.0,3.0,4.0,2.0,3.0,3.0,3.0,3.0
4.0,2.0,4.0,2.0,3.0,1.0,4.0,4.0,2.0,4.0
4.0,5.0,2.0,4.0,1.0,4.0,4.0,5.0,4.0,5.0
2.0,2.0,4.0,4.0,3.0,3.0,3.0,4.0,3.0,4.0
1.0,4.0,3.0,4.0,2.0,2.0,2.0,4.0,2.0,4.0
1.0,4.0,2.0,5.0,2.0,4.0,2.0,4.0,1.0,4.0
4.0,1.0,4.0,2.0,5.0,2.0,5.0,2.0,4.0,2.0
3.0,2.0,2.0,2.0,3.0,1.0,3.0,4.0,2.0,5.0
3.0,3.0,4.0,4.0,3.0,4.0,1.0,3.0,5.0,4.0
2.0,1.0,4.0,4.0,4.0,1.0,4.0,2.0,4.0,2.0
5.0,5.0,4.0,4.0,1.0,4.0,2.0,4.0,2.0,2.0
4.0,3.0,2.0,3.0,3.0,3.0,1.0,2.0,3.0,4.0
3.0,2.0,4.0,2.0,5.0,2.0,4.0,5.0,1.0,5.0
2.0,1.0,4.0,2.0,4.0,1.0,3.0,3.0,2.0,1.0
3.0,1.0,4.0,1.0,5.0,1.0,5.0,2.0,3.0,1.0
2.0,5.0,1.0,5.0,2.0,2.0,1.0,5.0,1.0,5.0
2.0,4.0,4.0,4.0,4.0,2.0,2.0,4.0,2.0,4.0
1.0,1.0,3.0,4.0,4.0,2.0,3.0,4.0,1.0,4.0
3.0,2.0,3.0,2.0,4.0,2.0,1.0,4.0,1.0,4.0
1.0,5.0,4.0,5.0,3.0,2.0,1.0,5.0,2.0,5.0
4.0,1.0,3.0,1.0,4.0,2.0,4.0,4.0,3.0,3.0
3.0,3.0,4.0,4.0,5.0,3.0,3.0,5.0,2.0,2.0
4.0,2.0,5.0,2.0,4.0,1.0,3.0,3.0,3.0,2.0
4.0,1.0,5.0,1.0,5.0,1.0,5.0,5.0,1.0,2.0
3.0,3.0,3.0,2.0,4.0,2.0,4.0,3.0,4.0,4.0
5.0,1.0,3.0,2.0,5.0,1.0,5.0,2.0,2.0,4.0
1.0,5.0,1.0,5.0,2.0,4.0,1.0,5.0,3.0,5.0
5.0,2.0,5.0,2.0,4.0,1.0,4.0,3.0,4.0,3.0
3.0,2.0,3.0,3.0,3.0,1.0,1.0,2.0,4.0,4.0
3.0,2.0,4.0,0.0,5.0,2.0,4.0,4.0,2.0,2.0
3.0,3.0,3.0,4.0,3.0,3.0,1.0,4.0,2.0,4.0
4.0,1.0,5.0,2.0,5.0,1.0,5.0,3.0,4.0,3.0
3.0,1.0,5.0,3.0,5.0,1.0,4.0,5.0,5.0,4.0
4.0,1.0,4.0,2.0,4.0,2.0,3.0,3.0,4.0,2.0
1.0,5.0,3.0,4.0,3.0,4.0,2.0,5.0,4.0,5.0
1.0,3.0,4.0,4.0,4.0,2.0,3.0,3.0,2.0,3.0
3.0,3.0,4.0,2.0,5.0,1.0,4.0,4.0,4.0,3.0
3.0,4.0,3.0,4.0,1.0,3.0,1.0,3.0,0.0,1.0
4.0,3.0,4.0,2.0,4.0,1.0,3.0,2.0,4.0,2.0
2.0,1.0,5.0,3.0,5.0,1.0,4.0,3.0,4.0,2.0
4.0,3.0,5.0,2.0,5.0,1.0,3.0,3.0,3.0,3.0
3.0,5.0,5.0,5.0,3.0,2.0,4.0,1.0,5.0,2.0
1.0,4.0,4.0,4.0,3.0,2.0,2.0,4.0,3.0,4.0
5.0,1.0,5.0,3.0,4.0,1.0,5.0,2.0,4.0,3.0
3.0,1.0,4.0,3.0,4.0,2.0,3.0,3.0,3.0,3.0
3.0,2.0,4.0,4.0,4.0,2.0,2.0,1.0,2.0,5.0
1.0,4.0,5.0,3.0,3.0,4.0,3.0,2.0,3.0,5.0
4.0,3.0,4.0,4.0,3.0,1.0,2.0,4.0,2.0,4.0
4.0,1.0,4.0,1.0,4.0,1.0,4.0,2.0,4.0,1.0
3.0,2.0,4.0,3.0,4.0,3.0,3.0,0.0,4.0,4.0
2.0,2.0,3.0,3.0,4.0,3.0,2.0,2.0,3.0,4.0
3.0,2.0,4.0,3.0,3.0,2.0,3.0,3.0,3.0,4.0
5.0,3.0,3.0,2.0,3.0,1.0,4.0,3.0,1.0,3.0
1.0,5.0,2.0,5.0,1.0,5.0,1.0,4.0,1.0,5.0
3.0,4.0,4.0,3.0,5.0,2.0,4.0,3.0,3.0,3.0
4.0,4.0,3.0,3.0,3.0,3.0,2.0,3.0,3.0,4.0
1.0,2.0,3.0,2.0,1.0,2.0,1.0,3.0,3.0,5.0
4.0,2.0,2.0,1.0,3.0,3.0,1.0,1.0,3.0,3.0
3.0,2.0,4.0,3.0,4.0,3.0,4.0,3.0,3.0,2.0
3.0,3.0,2.0,3.0,3.0,2.0,5.0,5.0,3.0,4.0
1.0,4.0,3.0,5.0,1.0,2.0,2.0,4.0,2.0,4.0
0.0,3.0,2.0,4.0,3.0,2.0,2.0,4.0,2.0,4.0
3.0,5.0,5.0,5.0,5.0,1.0,3.0,5.0,2.0,5.0
2.0,2.0,3.0,3.0,4.0,2.0,4.0,3.0,3.0,5.0
3.0,3.0,4.0,5.0,3.0,1.0,1.0,5.0,2.0,5.0
4.0,2.0,5.0,2.0,5.0,2.0,3.0,1.0,5.0,1.0
3.0,2.0,4.0,2.0,4.0,4.0,4.0,2.0,3.0,2.0
1.0,4.0,1.0,3.0,5.0,1.0,2.0,2.0,3.0,4.0
1.0,2.0,2.0,4.0,3.0,2.0,1.0,4.0,2.0,4.0
3.0,1.0,4.0,2.0,4.0,2.0,2.0,5.0,1.0,2.0
1.0,3.0,3.0,3.0,3.0,1.0,3.0,5.0,0.0,3.0
4.0,2.0,4.0,3.0,4.0,3.0,4.0,3.0,4.0,3.0
3.0,2.0,4.0,3.0,4.0,2.0,3.0,3.0,4.0,5.0
4.0,1.0,5.0,4.0,5.0,2.0,2.0,4.0,3.0,2.0
2.0,2.0,4.0,3.0,4.0,3.0,2.0,2.0,3.0,3.0
3.0,2.0,4.0,2.0,3.0,3.0,3.0,3.0,4.0,3.0
4.0,4.0,5.0,4.0,4.0,2.0,5.0,4.0,3.0,2.0
2.0,2.0,4.0,3.0,3.0,3.0,3.0,5.0,1.0,4.0
4.0,1.0,4.0,3.0,1.0,4.0,1.0,3.0,3.0,5.0
2.0,4.0,2.0,4.0,2.0,3.0,1.0,4.0,4.0,5.0
1.0,5.0,3.0,4.0,2.0,2.0,1.0,5.0,1.0,5.0
3.0,2.0,5.0,2.0,4.0,2.0,4.0,3.0,3.0,2.0
3.0,3.0,4.0,4.0,3.0,2.0,2.0,3.0,2.0,5.0
1.0,5.0,3.0,5.0,1.0,5.0,1.0,5.0,2.0,5.0
1.0,3.0,4.0,4.0,3.0,3.0,1.0,3.0,2.0,5.0
2.0,2.0,4.0,2.0,4.0,2.0,4.0,2.0,2.0,4.0
2.0,3.0,3.0,4.0,4.0,3.0,3.0,4.0,4.0,3.0
1.0,1.0,5.0,3.0,5.0,1.0,1.0,5.0,3.0,3.0
1.0,5.0,2.0,5.0,2.0,5.0,1.0,5.0,1.0,5.0
3.0,1.0,4.0,4.0,4.0,2.0,3.0,5.0,4.0,5.0
3.0,5.0,4.0,4.0,3.0,2.0,2.0,4.0,3.0,4.0
4.0,2.0,5.0,3.0,5.0,2.0,4.0,4.0,3.0,4.0
3.0,2.0,4.0,2.0,4.0,0.0,3.0,2.0,4.0,2.0
2.0,4.0,3.0,4.0,2.0,2.0,2.0,4.0,2.0,4.0
2.0,4.0,4.0,4.0,3.0,3.0,2.0,5.0,2.0,3.0
3.0,4.0,5.0,3.0,1.0,3.0,3.0,5.0,1.0,5.0
2.0,1.0,3.0,3.0,5.0,1.0,3.0,3.0,4.0,5.0
2.0,2.0,3.0,3.0,3.0,2.0,2.0,4.0,4.0,4.0
4.0,1.0,2.0,3.0,1.0,1.0,1.0,3.0,5.0,3.0
4.0,2.0,5.0,2.0,4.0,2.0,4.0,2.0,5.0,4.0
1.0,2.0,4.0,3.0,4.0,2.0,4.0,3.0,4.0,3.0
4.0,5.0,3.0,4.0,4.0,3.0,4.0,5.0,2.0,3.0
2.0,1.0,3.0,3.0,4.0,2.0,2.0,4.0,2.0,5.0
3.0,2.0,4.0,3.0,4.0,2.0,3.0,2.0,3.0,3.0
1.0,2.0,3.0,5.0,5.0,1.0,5.0,5.0,1.0,5.0
3.0,4.0,3.0,3.0,3.0,3.0,2.0,2.0,4.0,4.0
3.0,1.0,5.0,2.0,5.0,1.0,4.0,3.0,5.0,3.0
4.0,1.0,5.0,2.0,5.0,2.0,2.0,2.0,0.0,5.0
4.0,1.0,5.0,2.0,4.0,1.0,4.0,2.0,4.0,4.0
4.0,2.0,4.0,3.0,4.0,2.0,3.0,3.0,4.0,3.0
3.0,4.0,5.0,4.0,4.0,3.0,3.0,5.0,3.0,3.0
4.0,3.0,3.0,4.0,3.0,2.0,3.0,4.0,2.0,5.0
2.0,4.0,3.0,4.0,3.0,3.0,3.0,5.0,2.0,5.0
1.0,5.0,1.0,5.0,3.0,5.0,1.0,5.0,1.0,5.0
2.0,2.0,5.0,3.0,5.0,2.0,2.0,4.0,2.0,3.0
5.0,3.0,1.0,3.0,1.0,5.0,3.0,5.0,1.0,5.0
1.0,4.0,2.0,4.0,2.0,2.0,1.0,5.0,1.0,5.0
3.0,3.0,3.0,3.0,3.0,1.0,3.0,4.0,2.0,2.0
1.0,3.0,3.0,3.0,3.0,2.0,1.0,4.0,1.0,4.0
2.0,4.0,3.0,3.0,3.0,3.0,2.0,3.0,5.0,4.0
1.0,4.0,4.0,3.0,3.0,1.0,2.0,4.0,3.0,4.0
2.0,4.0,3.0,5.0,3.0,4.0,2.0,5.0,1.0,5.0
4.0,1.0,4.0,1.0,5.0,1.0,5.0,3.0,4.0,2.0
4.0,1.0,3.0,3.0,3.0,3.0,3.0,3.0,5.0,4.0
3.0,1.0,4.0,2.0,4.0,2.0,3.0,2.0,3.0,2.0
1.0,5.0,1.0,5.0,1.0,5.0,1.0,2.0,1.0,5.0
4.0,1.0,4.0,2.0,4.0,1.0,4.0,2.0,4.0,2.0
3.0,4.0,5.0,3.0,3.0,5.0,3.0,4.0,3.0,4.0
3.0,3.0,2.0,2.0,4.0,1.0,5.0,4.0,2.0,5.0
5.0,5.0,5.0,5.0,5.0,5.0,5.0,3.0,5.0,3.0
2.0,2.0,5.0,2.0,5.0,2.0,2.0,2.0,2.0,3.0
4.0,2.0,4.0,4.0,4.0,2.0,4.0,5.0,1.0,5.0
2.0,4.0,4.0,5.0,4.0,3.0,2.0,4.0,2.0,4.0
3.0,1.0,5.0,2.0,5.0,1.0,5.0,2.0,5.0,1.0
4.0,2.0,4.0,3.0,5.0,1.0,5.0,1.0,2.0,1.0
3.0,1.0,2.0,4.0,3.0,1.0,1.0,3.0,3.0,5.0
4.0,3.0,4.0,2.0,5.0,1.0,4.0,4.0,4.0,2.0
3.0,3.0,4.0,3.0,4.0,3.0,2.0,3.0,3.0,3.0
1.0,2.0,4.0,3.0,3.0,3.0,2.0,5.0,1.0,3.0
4.0,2.0,4.0,2.0,5.0,3.0,4.0,4.0,3.0,2.0
4.0,1.0,4.0,2.0,4.0,1.0,3.0,1.0,4.0,3.0
4.0,3.0,4.0,3.0,5.0,1.0,4.0,4.0,3.0,2.0
5.0,2.0,3.0,5.0,5.0,2.0,4.0,3.0,3.0,4.0
0.0,2.0,5.0,2.0,4.0,3.0,2.0,5.0,1.0,4.0
3.0,4.0,4.0,3.0,4.0,3.0,4.0,4.0,3.0,3.0
3.0,2.0,3.0,3.0,4.0,2.0,2.0,4.0,4.0,3.0
1.0,5.0,2.0,5.0,1.0,4.0,1.0,5.0,2.0,4.0
4.0,4.0,4.0,3.0,3.0,3.0,3.0,4.0,3.0,4.0
3.0,2.0,4.0,3.0,3.0,2.0,4.0,3.0,3.0,2.0
1.0,5.0,1.0,5.0,2.0,4.0,0.0,0.0,1.0,5.0
3.0,3.0,4.0,2.0,3.0,2.0,3.0,3.0,3.0,3.0
3.0,3.0,4.0,3.0,4.0,3.0,4.0,3.0,3.0,3.0
4.0,2.0,3.0,2.0,4.0,2.0,4.0,3.0,4.0,2.0
2.0,1.0,4.0,4.0,2.0,2.0,2.0,5.0,1.0,4.0
2.0,5.0,1.0,4.0,1.0,5.0,1.0,4.0,2.0,5.0
2.0,2.0,4.0,3.0,5.0,2.0,2.0,3.0,3.0,2.0
2.0,5.0,3.0,4.0,2.0,5.0,1.0,3.0,4.0,5.0
2.0,1.0,3.0,2.0,3.0,1.0,2.0,5.0,3.0,4.0
4.0,4.0,4.0,2.0,5.0,1.0,5.0,2.0,5.0,1.0
1.0,5.0,1.0,4.0,1.0,4.0,1.0,5.0,3.0,5.0
4.0,2.0,4.0,2.0,4.0,2.0,4.0,3.0,3.0,2.0
3.0,4.0,4.0,3.0,4.0,3.0,3.0,3.0,4.0,4.0
1.0,5.0,2.0,5.0,1.0,5.0,1.0,5.0,1.0,5.0
4.0,2.0,5.0,2.0,5.0,1.0,4.0,5.0,1.0,2.0
4.0,1.0,4.0,2.0,4.0,2.0,4.0,2.0,4.0,3.0
3.0,1.0,4.0,1.0,5.0,2.0,2.0,2.0,4.0,2.0
2.0,4.0,2.0,5.0,2.0,4.0,1.0,5.0,2.0,5.0
2.0,1.0,4.0,2.0,5.0,2.0,4.0,3.0,3.0,3.0
2.0,1.0,5.0,2.0,4.0,1.0,4.0,3.0,3.0,3.0
3.0,5.0,2.0,5.0,3.0,4.0,2.0,5.0,1.0,5.0
4.0,2.0,4.0,3.0,5.0,2.0,5.0,3.0,4.0,2.0
1.0,5.0,2.0,4.0,2.0,4.0,1.0,5.0,1.0,5.0
4.0,2.0,5.0,2.0,5.0,1.0,4.0,3.0,4.0,2.0
4.0,2.0,4.0,2.0,4.0,2.0,5.0,3.0,4.0,3.0
2.0,3.0,2.0,3.0,4.0,3.0,2.0,4.0,2.0,3.0
1.0,2.0,1.0,5.0,3.0,1.0,1.0,5.0,1.0,5.0
2.0,2.0,4.0,4.0,4.0,2.0,3.0,3.0,4.0,4.0
4.0,2.0,4.0,2.0,4.0,2.0,2.0,4.0,3.0,2.0
1.0,2.0,3.0,4.0,4.0,1.0,2.0,3.0,2.0,3.0
1.0,5.0,2.0,5.0,2.0,3.0,3.0,4.0,5.0,5.0
2.0,4.0,4.0,4.0,3.0,4.0,2.0,3.0,2.0,4.0
3.0,2.0,4.0,3.0,5.0,1.0,3.0,3.0,4.0,2.0
3.0,3.0,3.0,5.0,3.0,2.0,2.0,5.0,2.0,5.0
4.0,2.0,5.0,1.0,4.0,1.0,4.0,2.0,5.0,2.0
1.0,3.0,3.0,4.0,3.0,3.0,4.0,3.0,3.0,4.0
3.0,1.0,5.0,3.0,5.0,1.0,5.0,4.0,2.0,2.0
3.0,2.0,3.0,3.0,3.0,2.0,3.0,4.0,3.0,3.0
4.0,1.0,5.0,2.0,5.0,1.0,5.0,2.0,5.0,2.0
5.0,3.0,3.0,3.0,3.0,5.0,5.0,5.0,5.0,5.0
3.0,2.0,4.0,2.0,3.0,3.0,2.0,4.0,3.0,3.0
2.0,4.0,1.0,5.0,2.0,4.0,2.0,5.0,1.0,4.0
4.0,2.0,5.0,2.0,5.0,1.0,4.0,1.0,5.0,1.0
2.0,2.0,5.0,2.0,5.0,2.0,4.0,4.0,4.0,2.0
5.0,2.0,4.0,3.0,4.0,2.0,4.0,4.0,2.0,2.0
3.0,2.0,2.0,2.0,5.0,1.0,3.0,5.0,4.0,1.0
4.0,4.0,4.0,3.0,3.0,5.0,4.0,2.0,3.0,5.0
4.0,1.0,5.0,3.0,5.0,1.0,5.0,2.0,5.0,4.0
1.0,3.0,3.0,4.0,3.0,3.0,1.0,5.0,1.0,3.0
4.0,3.0,3.0,2.0,4.0,3.0,4.0,2.0,2.0,3.0
1.0,3.0,2.0,3.0,3.0,3.0,3.0,5.0,1.0,5.0
5.0,1.0,5.0,1.0,5.0,1.0,5.0,4.0,4.0,1.0
2.0,3.0,4.0,3.0,3.0,2.0,3.0,3.0,3.0,4.0
4.0,2.0,3.0,2.0,4.0,2.0,3.0,2.0,3.0,3.0
3.0,3.0,5.0,3.0,4.0,3.0,5.0,5.0,1.0,2.0
5.0,1.0,4.0,1.0,5.0,2.0,5.0,1.0,4.0,2.0
4.0,2.0,4.0,3.0,5.0,2.0,4.0,4.0,3.0,5.0
5.0,1.0,4.0,2.0,5.0,2.0,4.0,2.0,4.0,2.0
2.0,3.0,2.0,5.0,2.0,1.0,1.0,5.0,2.0,5.0
2.0,2.0,4.0,3.0,5.0,2.0,4.0,2.0,3.0,4.0
1.0,3.0,3.0,3.0,1.0,3.0,1.0,3.0,3.0,5.0
4.0,1.0,5.0,1.0,4.0,1.0,4.0,3.0,2.0,3.0
4.0,4.0,2.0,4.0,2.0,4.0,4.0,4.0,2.0,5.0
4.0,2.0,4.0,3.0,5.0,1.0,2.0,3.0,5.0,4.0
2.0,3.0,5.0,3.0,2.0,2.0,1.0,2.0,2.0,4.0
3.0,3.0,1.0,4.0,1.0,4.0,1.0,2.0,1.0,5.0
3.0,3.0,3.0,3.0,3.0,4.0,1.0,3.0,3.0,5.0
3.0,1.0,4.0,3.0,5.0,2.0,4.0,5.0,2.0,2.0
4.0,1.0,5.0,2.0,5.0,1.0,5.0,4.0,4.0,2.0
3.0,3.0,3.0,3.0,3.0,2.0,3.0,3.0,4.0,4.0
3.0,3.0,1.0,4.0,2.0,2.0,1.0,3.0,1.0,5.0
5.0,1.0,5.0,1.0,4.0,1.0,5.0,2.0,4.0,1.0
2.0,1.0,4.0,2.0,4.0,1.0,4.0,5.0,1.0,5.0
2.0,2.0,3.0,3.0,3.0,2.0,2.0,2.0,4.0,4.0
2.0,3.0,4.0,5.0,5.0,1.0,5.0,1.0,5.0,5.0
3.0,1.0,4.0,2.0,5.0,1.0,4.0,2.0,5.0,3.0
3.0,3.0,4.0,3.0,4.0,4.0,4.0,4.0,2.0,5.0
3.0,3.0,5.0,2.0,5.0,1.0,3.0,4.0,2.0,3.0
1.0,2.0,4.0,1.0,4.0,3.0,2.0,4.0,4.0,4.0
1.0,3.0,2.0,4.0,3.0,3.0,1.0,5.0,2.0,5.0
3.0,3.0,4.0,3.0,3.0,2.0,2.0,4.0,4.0,4.0
3.0,4.0,3.0,3.0,3.0,4.0,2.0,2.0,1.0,5.0
1.0,5.0,5.0,5.0,5.0,5.0,3.0,5.0,1.0,5.0
5.0,1.0,5.0,5.0,4.0,2.0,5.0,3.0,5.0,2.0
3.0,3.0,3.0,3.0,3.0,3.0,3.0,5.0,1.0,5.0
3.0,5.0,4.0,5.0,3.0,5.0,2.0,5.0,0.0,5.0
1.0,5.0,2.0,5.0,2.0,2.0,1.0,5.0,1.0,5.0
1.0,5.0,1.0,5.0,1.0,5.0,1.0,5.0,1.0,1.0
1.0,5.0,1.0,5.0,3.0,5.0,1.0,1.0,3.0,5.0
5.0,1.0,5.0,1.0,5.0,1.0,5.0,5.0,5.0,1.0
1.0,5.0,1.0,5.0,1.0,5.0,1.0,5.0,1.0,5.0
1.0,4.0,5.0,5.0,4.0,3.0,1.0,1.0,1.0,4.0
1.0,5.0,2.0,4.0,2.0,4.0,1.0,4.0,2.0,5.0
5.0,1.0,5.0,1.0,5.0,1.0,5.0,3.0,3.0,1.0
4.0,5.0,4.0,4.0,3.0,3.0,3.0,5.0,1.0,4.0
4.0,1.0,2.0,2.0,4.0,5.0,3.0,3.0,3.0,2.0
4.0,1.0,4.0,2.0,4.0,1.0,4.0,2.0,5.0,2.0
5.0,1.0,5.0,2.0,5.0,1.0,5.0,4.0,4.0,2.0
3.0,1.0,4.0,3.0,4.0,3.0,5.0,3.0,3.0,5.0
2.0,5.0,4.0,4.0,2.0,1.0,2.0,2.0,2.0,5.0
3.0,2.0,4.0,2.0,4.0,2.0,4.0,3.0,4.0,3.0
2.0,5.0,1.0,4.0,1.0,5.0,0.0,3.0,0.0,5.0
1.0,3.0,3.0,2.0,4.0,2.0,3.0,5.0,1.0,5.0
1.0,2.0,3.0,4.0,2.0,2.0,2.0,4.0,2.0,4.0
1.0,5.0,2.0,4.0,2.0,2.0,1.0,5.0,3.0,4.0
1.0,2.0,5.0,1.0,5.0,1.0,3.0,2.0,5.0,2.0
2.0,1.0,4.0,2.0,5.0,1.0,5.0,4.0,3.0,3.0
2.0,5.0,3.0,4.0,2.0,2.0,3.0,5.0,2.0,5.0
1.0,3.0,3.0,4.0,4.0,3.0,3.0,5.0,2.0,3.0
4.0,1.0,4.0,2.0,5.0,2.0,4.0,3.0,4.0,2.0
1.0,3.0,3.0,5.0,4.0,3.0,1.0,5.0,4.0,5.0
4.0,1.0,4.0,1.0,5.0,1.0,5.0,3.0,4.0,2.0
1.0,4.0,1.0,5.0,1.0,3.0,1.0,2.0,1.0,5.0
1.0,4.0,2.0,4.0,2.0,4.0,1.0,4.0,1.0,4.0
3.0,2.0,4.0,3.0,5.0,2.0,4.0,4.0,1.0,2.0
3.0,2.0,4.0,2.0,4.0,2.0,3.0,2.0,4.0,2.0
3.0,3.0,4.0,3.0,3.0,3.0,2.0,3.0,3.0,4.0
4.0,1.0,5.0,2.0,5.0,1.0,3.0,4.0,4.0,2.0
4.0,1.0,4.0,1.0,5.0,1.0,3.0,2.0,2.0,3.0
3.0,3.0,3.0,3.0,4.0,2.0,2.0,5.0,3.0,4.0
4.0,2.0,4.0,3.0,4.0,2.0,4.0,4.0,3.0,4.0
1.0,4.0,2.0,5.0,2.0,4.0,1.0,5.0,2.0,5.0
3.0,3.0,3.0,3.0,5.0,5.0,3.0,3.0,3.0,5.0
3.0,2.0,2.0,4.0,4.0,2.0,2.0,5.0,4.0,4.0
4.0,2.0,2.0,4.0,4.0,2.0,4.0,4.0,2.0,4.0
1.0,1.0,4.0,4.0,4.0,2.0,4.0,4.0,1.0,1.0
3.0,5.0,2.0,5.0,1.0,5.0,2.0,5.0,1.0,5.0
4.0,2.0,2.0,3.0,2.0,2.0,2.0,2.0,4.0,4.0
5.0,1.0,5.0,1.0,5.0,1.0,5.0,5.0,5.0,1.0
1.0,3.0,3.0,4.0,3.0,4.0,2.0,3.0,3.0,3.0
1.0,2.0,3.0,2.0,4.0,1.0,2.0,4.0,3.0,2.0
4.0,1.0,5.0,1.0,5.0,1.0,5.0,1.0,5.0,3.0
2.0,4.0,3.0,4.0,2.0,4.0,5.0,4.0,3.0,4.0
2.0,3.0,4.0,3.0,3.0,3.0,2.0,5.0,1.0,5.0
3.0,3.0,3.0,1.0,4.0,1.0,1.0,1.0,1.0,5.0
5.0,1.0,5.0,4.0,3.0,1.0,5.0,5.0,2.0,3.0
3.0,1.0,4.0,4.0,3.0,2.0,2.0,2.0,3.0,4.0
1.0,3.0,2.0,3.0,2.0,3.0,1.0,3.0,3.0,3.0
1.0,3.0,3.0,3.0,3.0,3.0,3.0,2.0,3.0,2.0
4.0,1.0,5.0,1.0,4.0,1.0,4.0,2.0,5.0,4.0
5.0,4.0,4.0,3.0,1.0,3.0,1.0,4.0,2.0,5.0
2.0,3.0,4.0,3.0,3.0,1.0,5.0,3.0,3.0,3.0
1.0,1.0,1.0,5.0,3.0,1.0,1.0,5.0,1.0,3.0
3.0,2.0,3.0,2.0,3.0,2.0,4.0,4.0,3.0,2.0
2.0,5.0,2.0,5.0,2.0,4.0,2.0,5.0,2.0,4.0
5.0,3.0,4.0,2.0,5.0,1.0,3.0,3.0,3.0,2.0
3.0,2.0,4.0,2.0,3.0,2.0,3.0,2.0,3.0,2.0
5.0,2.0,3.0,3.0,4.0,3.0,3.0,3.0,4.0,3.0
1.0,1.0,1.0,5.0,1.0,1.0,1.0,5.0,1.0,5.0
1.0,3.0,3.0,4.0,4.0,3.0,1.0,4.0,2.0,5.0
1.0,3.0,3.0,4.0,4.0,1.0,1.0,5.0,2.0,4.0
2.0,5.0,2.0,5.0,1.0,5.0,1.0,3.0,2.0,5.0
3.0,4.0,3.0,3.0,3.0,3.0,1.0,5.0,3.0,3.0
2.0,4.0,3.0,4.0,4.0,4.0,2.0,4.0,2.0,4.0
1.0,4.0,1.0,5.0,2.0,4.0,1.0,5.0,1.0,5.0
3.0,3.0,4.0,3.0,3.0,3.0,4.0,3.0,3.0,4.0
3.0,1.0,4.0,2.0,4.0,1.0,1.0,5.0,5.0,5.0
2.0,5.0,5.0,5.0,5.0,2.0,5.0,5.0,5.0,4.0
3.0,2.0,2.0,3.0,3.0,3.0,2.0,3.0,2.0,4.0
1.0,4.0,2.0,4.0,2.0,4.0,1.0,4.0,1.0,4.0
1.0,4.0,4.0,5.0,3.0,4.0,2.0,5.0,1.0,4.0
2.0,3.0,2.0,5.0,3.0,2.0,2.0,4.0,3.0,4.0
3.0,3.0,4.0,3.0,2.0,2.0,2.0,4.0,2.0,4.0
1.0,4.0,3.0,4.0,3.0,4.0,1.0,2.0,5.0,1.0
3.0,2.0,4.0,2.0,4.0,2.0,4.0,3.0,4.0,2.0
5.0,1.0,5.0,2.0,4.0,1.0,5.0,2.0,5.0,2.0
5.0,3.0,0.0,0.0,5.0,3.0,4.0,5.0,5.0,3.0
0.0,0.0,0.0,0.0,0.0,0.0,0.0,0.0,0.0,0.0
1.0,5.0,3.0,5.0,3.0,2.0,2.0,5.0,2.0,5.0
1.0,3.0,2.0,5.0,2.0,3.0,1.0,5.0,1.0,5.0
2.0,5.0,2.0,4.0,3.0,4.0,2.0,2.0,3.0,4.0
2.0,2.0,3.0,2.0,3.0,3.0,2.0,3.0,4.0,5.0
1.0,5.0,1.0,5.0,1.0,4.0,1.0,5.0,3.0,5.0
4.0,4.0,2.0,4.0,2.0,2.0,2.0,5.0,2.0,5.0
1.0,4.0,3.0,5.0,3.0,2.0,1.0,5.0,1.0,5.0
3.0,1.0,5.0,1.0,5.0,1.0,3.0,1.0,5.0,1.0
1.0,4.0,2.0,5.0,2.0,3.0,1.0,4.0,1.0,5.0
5.0,1.0,5.0,1.0,5.0,2.0,5.0,2.0,4.0,2.0
1.0,5.0,1.0,4.0,1.0,4.0,1.0,5.0,1.0,5.0
3.0,1.0,3.0,2.0,2.0,1.0,2.0,3.0,2.0,5.0
1.0,3.0,4.0,4.0,4.0,2.0,1.0,4.0,2.0,3.0
3.0,3.0,5.0,3.0,4.0,2.0,1.0,5.0,2.0,4.0
3.0,2.0,4.0,3.0,4.0,2.0,4.0,3.0,3.0,3.0
1.0,4.0,2.0,4.0,3.0,5.0,2.0,5.0,1.0,5.0
1.0,4.0,2.0,5.0,1.0,1.0,1.0,4.0,1.0,4.0
4.0,2.0,2.0,2.0,3.0,3.0,4.0,2.0,4.0,4.0
1.0,3.0,5.0,1.0,4.0,1.0,1.0,3.0,1.0,1.0
2.0,2.0,2.0,4.0,3.0,2.0,2.0,4.0,1.0,4.0
3.0,1.0,4.0,3.0,3.0,2.0,3.0,3.0,4.0,5.0
1.0,2.0,5.0,2.0,3.0,3.0,3.0,4.0,2.0,3.0
1.0,2.0,3.0,5.0,2.0,4.0,2.0,4.0,2.0,5.0
2.0,2.0,4.0,2.0,4.0,1.0,3.0,2.0,2.0,5.0
3.0,2.0,3.0,4.0,4.0,3.0,5.0,4.0,3.0,3.0
5.0,1.0,5.0,1.0,5.0,1.0,5.0,1.0,5.0,2.0
2.0,4.0,4.0,2.0,4.0,2.0,2.0,2.0,4.0,4.0
5.0,1.0,4.0,2.0,3.0,3.0,4.0,3.0,4.0,4.0
4.0,2.0,3.0,2.0,4.0,1.0,2.0,2.0,4.0,4.0
1.0,3.0,3.0,4.0,2.0,4.0,1.0,5.0,1.0,4.0
2.0,4.0,4.0,3.0,3.0,3.0,2.0,5.0,2.0,3.0
3.0,3.0,3.0,3.0,5.0,1.0,3.0,4.0,2.0,4.0
3.0,2.0,2.0,3.0,3.0,2.0,1.0,2.0,3.0,5.0
3.0,1.0,4.0,1.0,4.0,1.0,4.0,3.0,4.0,4.0
5.0,2.0,4.0,2.0,5.0,2.0,3.0,4.0,4.0,2.0
3.0,3.0,5.0,3.0,5.0,1.0,4.0,4.0,5.0,1.0
3.0,3.0,2.0,2.0,3.0,2.0,1.0,5.0,1.0,5.0
2.0,2.0,3.0,3.0,4.0,2.0,3.0,3.0,3.0,4.0
2.0,3.0,2.0,4.0,4.0,3.0,2.0,4.0,2.0,2.0
5.0,1.0,3.0,1.0,5.0,1.0,5.0,2.0,3.0,3.0
1.0,1.0,2.0,2.0,3.0,2.0,2.0,3.0,2.0,2.0
1.0,2.0,4.0,5.0,4.0,2.0,3.0,3.0,1.0,3.0
3.0,4.0,4.0,2.0,4.0,2.0,3.0,2.0,5.0,4.0
3.0,2.0,4.0,3.0,4.0,1.0,2.0,4.0,2.0,3.0
3.0,5.0,1.0,1.0,5.0,0.0,4.0,5.0,3.0,4.0
2.0,5.0,2.0,4.0,2.0,5.0,1.0,4.0,4.0,5.0
1.0,4.0,3.0,5.0,3.0,4.0,2.0,4.0,3.0,4.0
1.0,5.0,1.0,5.0,1.0,5.0,1.0,5.0,1.0,5.0
1.0,3.0,3.0,5.0,5.0,3.0,1.0,5.0,1.0,5.0
4.0,1.0,5.0,3.0,5.0,2.0,2.0,3.0,3.0,3.0
4.0,1.0,4.0,3.0,4.0,1.0,3.0,5.0,1.0,5.0
4.0,2.0,4.0,2.0,4.0,3.0,3.0,3.0,4.0,3.0
3.0,2.0,3.0,3.0,4.0,2.0,2.0,3.0,2.0,4.0
1.0,5.0,3.0,5.0,1.0,3.0,1.0,5.0,1.0,5.0
3.0,2.0,5.0,4.0,3.0,4.0,2.0,5.0,1.0,5.0
1.0,1.0,4.0,1.0,3.0,1.0,1.0,3.0,4.0,2.0
3.0,4.0,3.0,4.0,4.0,4.0,3.0,4.0,1.0,5.0
3.0,2.0,4.0,2.0,4.0,2.0,4.0,4.0,3.0,3.0
3.0,3.0,4.0,4.0,4.0,2.0,4.0,3.0,4.0,2.0
2.0,4.0,4.0,4.0,4.0,3.0,4.0,3.0,4.0,4.0
3.0,3.0,4.0,3.0,4.0,2.0,4.0,2.0,4.0,3.0
1.0,2.0,2.0,5.0,2.0,4.0,1.0,4.0,2.0,4.0
1.0,2.0,2.0,3.0,2.0,2.0,2.0,1.0,5.0,5.0
3.0,5.0,3.0,5.0,3.0,3.0,3.0,2.0,1.0,5.0
3.0,4.0,3.0,4.0,5.0,3.0,3.0,5.0,1.0,3.0
3.0,1.0,5.0,3.0,5.0,3.0,5.0,4.0,3.0,2.0
2.0,4.0,2.0,4.0,2.0,3.0,2.0,4.0,1.0,5.0
2.0,3.0,3.0,4.0,2.0,3.0,2.0,4.0,3.0,3.0
1.0,5.0,1.0,5.0,1.0,4.0,1.0,5.0,1.0,5.0
3.0,4.0,2.0,5.0,2.0,4.0,1.0,5.0,2.0,5.0
2.0,4.0,2.0,4.0,4.0,4.0,3.0,4.0,3.0,4.0
1.0,3.0,3.0,5.0,2.0,3.0,1.0,5.0,2.0,5.0
3.0,1.0,5.0,2.0,4.0,1.0,4.0,2.0,5.0,2.0
1.0,5.0,2.0,4.0,2.0,4.0,2.0,4.0,1.0,5.0
1.0,4.0,3.0,3.0,1.0,4.0,1.0,1.0,1.0,5.0
2.0,5.0,3.0,4.0,2.0,4.0,2.0,4.0,3.0,5.0
1.0,4.0,3.0,4.0,5.0,1.0,1.0,5.0,1.0,5.0
3.0,3.0,4.0,2.0,3.0,3.0,5.0,3.0,4.0,4.0
5.0,1.0,3.0,1.0,3.0,1.0,5.0,5.0,2.0,3.0
5.0,2.0,2.0,2.0,3.0,2.0,4.0,5.0,2.0,3.0
5.0,1.0,5.0,2.0,4.0,1.0,5.0,5.0,5.0,5.0
1.0,5.0,4.0,5.0,3.0,3.0,1.0,5.0,1.0,3.0
3.0,2.0,4.0,2.0,0.0,1.0,1.0,4.0,3.0,5.0
2.0,3.0,4.0,4.0,2.0,2.0,2.0,4.0,3.0,5.0
2.0,3.0,3.0,4.0,3.0,3.0,2.0,4.0,2.0,4.0
1.0,3.0,3.0,3.0,2.0,2.0,1.0,2.0,4.0,5.0
3.0,3.0,4.0,3.0,4.0,1.0,2.0,4.0,3.0,4.0
3.0,1.0,3.0,2.0,3.0,3.0,3.0,3.0,4.0,3.0
1.0,1.0,3.0,4.0,1.0,1.0,1.0,4.0,2.0,5.0
2.0,4.0,2.0,3.0,3.0,3.0,2.0,4.0,2.0,3.0
1.0,4.0,4.0,3.0,4.0,1.0,2.0,5.0,3.0,5.0
2.0,2.0,4.0,3.0,5.0,2.0,4.0,2.0,3.0,3.0
1.0,4.0,4.0,4.0,4.0,2.0,4.0,4.0,2.0,2.0
1.0,5.0,1.0,5.0,1.0,5.0,1.0,5.0,1.0,5.0
5.0,4.0,4.0,4.0,5.0,2.0,4.0,3.0,5.0,2.0
3.0,2.0,4.0,3.0,5.0,2.0,5.0,4.0,2.0,5.0
1.0,5.0,2.0,5.0,1.0,4.0,1.0,5.0,1.0,3.0
4.0,1.0,5.0,1.0,5.0,2.0,4.0,4.0,5.0,1.0
4.0,5.0,2.0,4.0,4.0,2.0,4.0,4.0,3.0,5.0
1.0,4.0,1.0,5.0,3.0,4.0,1.0,5.0,1.0,5.0
2.0,4.0,5.0,3.0,4.0,4.0,2.0,4.0,2.0,4.0
1.0,2.0,2.0,4.0,4.0,2.0,2.0,2.0,2.0,4.0
3.0,1.0,5.0,2.0,3.0,1.0,2.0,1.0,5.0,4.0
2.0,1.0,4.0,5.0,4.0,3.0,1.0,2.0,2.0,5.0
1.0,4.0,3.0,4.0,3.0,2.0,2.0,4.0,4.0,4.0
1.0,5.0,2.0,5.0,1.0,3.0,5.0,5.0,1.0,5.0
4.0,2.0,3.0,3.0,3.0,2.0,4.0,3.0,5.0,2.0
1.0,5.0,1.0,5.0,1.0,2.0,1.0,5.0,1.0,5.0
4.0,4.0,4.0,2.0,2.0,4.0,4.0,4.0,2.0,5.0
2.0,4.0,3.0,4.0,2.0,4.0,2.0,4.0,4.0,5.0
1.0,3.0,3.0,2.0,3.0,1.0,1.0,3.0,4.0,5.0
3.0,1.0,4.0,2.0,5.0,2.0,3.0,2.0,3.0,2.0
1.0,2.0,1.0,2.0,2.0,4.0,1.0,4.0,1.0,5.0
3.0,2.0,3.0,2.0,5.0,2.0,4.0,2.0,5.0,5.0
5.0,1.0,4.0,2.0,4.0,3.0,4.0,2.0,2.0,4.0
4.0,1.0,5.0,1.0,5.0,1.0,4.0,3.0,4.0,4.0
2.0,3.0,5.0,4.0,4.0,2.0,4.0,3.0,3.0,3.0
3.0,4.0,3.0,4.0,4.0,2.0,2.0,3.0,4.0,5.0
5.0,1.0,4.0,2.0,5.0,1.0,5.0,3.0,4.0,4.0
5.0,1.0,5.0,1.0,5.0,1.0,5.0,1.0,5.0,1.0
3.0,3.0,4.0,2.0,4.0,2.0,4.0,2.0,4.0,2.0
3.0,5.0,2.0,5.0,3.0,5.0,2.0,5.0,2.0,5.0
2.0,2.0,4.0,4.0,2.0,2.0,2.0,4.0,2.0,5.0
1.0,4.0,1.0,4.0,3.0,1.0,1.0,4.0,1.0,5.0
1.0,1.0,2.0,4.0,2.0,4.0,1.0,5.0,1.0,5.0
1.0,5.0,3.0,3.0,2.0,4.0,2.0,3.0,4.0,4.0
5.0,4.0,3.0,1.0,2.0,2.0,5.0,2.0,2.0,5.0
1.0,1.0,5.0,4.0,4.0,1.0,0.0,2.0,5.0,3.0
5.0,1.0,5.0,1.0,5.0,1.0,5.0,2.0,5.0,1.0
3.0,3.0,2.0,3.0,5.0,3.0,4.0,3.0,3.0,4.0
1.0,4.0,1.0,5.0,1.0,3.0,3.0,5.0,1.0,5.0
1.0,4.0,1.0,5.0,1.0,1.0,1.0,5.0,1.0,5.0
2.0,4.0,5.0,3.0,2.0,4.0,2.0,2.0,4.0,2.0
2.0,4.0,4.0,3.0,3.0,4.0,4.0,2.0,5.0,4.0
2.0,2.0,4.0,4.0,4.0,2.0,4.0,5.0,5.0,5.0
2.0,3.0,3.0,5.0,3.0,5.0,2.0,4.0,2.0,5.0
1.0,5.0,2.0,5.0,2.0,3.0,1.0,5.0,1.0,5.0
5.0,2.0,2.0,4.0,2.0,1.0,3.0,5.0,3.0,5.0
1.0,4.0,5.0,3.0,5.0,3.0,5.0,3.0,1.0,3.0
1.0,3.0,2.0,3.0,2.0,2.0,2.0,5.0,4.0,5.0
4.0,2.0,5.0,4.0,4.0,2.0,3.0,2.0,5.0,2.0
3.0,4.0,2.0,4.0,2.0,4.0,2.0,4.0,5.0,3.0
3.0,3.0,2.0,3.0,3.0,4.0,4.0,4.0,2.0,3.0
3.0,3.0,3.0,4.0,2.0,2.0,4.0,4.0,3.0,4.0
4.0,0.0,5.0,2.0,4.0,1.0,5.0,3.0,4.0,2.0
2.0,2.0,2.0,3.0,2.0,2.0,2.0,3.0,3.0,4.0
1.0,3.0,3.0,4.0,2.0,2.0,2.0,5.0,1.0,5.0
4.0,1.0,3.0,3.0,4.0,3.0,4.0,3.0,3.0,4.0
3.0,3.0,3.0,3.0,4.0,3.0,3.0,4.0,2.0,4.0
2.0,2.0,2.0,4.0,4.0,2.0,3.0,4.0,2.0,5.0
2.0,2.0,4.0,3.0,4.0,2.0,3.0,3.0,2.0,3.0
4.0,3.0,5.0,3.0,4.0,5.0,5.0,4.0,4.0,3.0
4.0,3.0,4.0,4.0,4.0,1.0,3.0,4.0,3.0,4.0
5.0,1.0,5.0,2.0,5.0,1.0,5.0,3.0,5.0,1.0
4.0,1.0,5.0,1.0,5.0,1.0,5.0,2.0,5.0,2.0
4.0,3.0,3.0,4.0,3.0,4.0,2.0,4.0,2.0,2.0
4.0,2.0,4.0,2.0,4.0,2.0,4.0,2.0,5.0,4.0
1.0,4.0,3.0,4.0,2.0,5.0,1.0,4.0,1.0,5.0
1.0,5.0,2.0,4.0,2.0,1.0,1.0,4.0,2.0,5.0
5.0,2.0,4.0,3.0,3.0,1.0,5.0,3.0,3.0,3.0
1.0,4.0,3.0,4.0,2.0,2.0,1.0,5.0,1.0,5.0
3.0,3.0,4.0,3.0,4.0,1.0,2.0,4.0,4.0,2.0
3.0,1.0,4.0,3.0,4.0,2.0,4.0,3.0,3.0,2.0
3.0,3.0,3.0,4.0,4.0,2.0,3.0,4.0,4.0,4.0
1.0,1.0,4.0,4.0,5.0,1.0,3.0,4.0,2.0,3.0
3.0,4.0,4.0,4.0,4.0,4.0,4.0,2.0,4.0,5.0
3.0,1.0,4.0,2.0,4.0,1.0,5.0,2.0,5.0,3.0
2.0,3.0,4.0,4.0,3.0,3.0,2.0,4.0,2.0,5.0
4.0,2.0,4.0,3.0,4.0,1.0,4.0,2.0,4.0,3.0
2.0,4.0,1.0,4.0,4.0,2.0,2.0,4.0,2.0,5.0
4.0,1.0,5.0,2.0,5.0,1.0,5.0,2.0,5.0,1.0
1.0,3.0,5.0,2.0,4.0,1.0,4.0,3.0,4.0,3.0
3.0,4.0,4.0,3.0,4.0,2.0,3.0,4.0,3.0,4.0
3.0,4.0,3.0,3.0,3.0,4.0,2.0,4.0,2.0,4.0
5.0,1.0,3.0,5.0,5.0,3.0,5.0,1.0,4.0,1.0
3.0,1.0,2.0,3.0,3.0,2.0,3.0,3.0,2.0,4.0
4.0,4.0,3.0,4.0,3.0,2.0,4.0,5.0,1.0,3.0
3.0,4.0,3.0,5.0,2.0,2.0,3.0,4.0,2.0,4.0
3.0,3.0,4.0,4.0,4.0,2.0,5.0,4.0,4.0,4.0
4.0,2.0,5.0,2.0,5.0,1.0,4.0,2.0,4.0,3.0
1.0,5.0,4.0,5.0,3.0,3.0,1.0,5.0,1.0,5.0
3.0,1.0,4.0,3.0,5.0,1.0,3.0,2.0,4.0,1.0
2.0,4.0,4.0,4.0,3.0,3.0,2.0,3.0,2.0,4.0
1.0,5.0,1.0,4.0,1.0,5.0,1.0,1.0,1.0,5.0
3.0,2.0,5.0,2.0,5.0,1.0,2.0,2.0,3.0,1.0
2.0,4.0,3.0,4.0,3.0,4.0,1.0,5.0,1.0,5.0
1.0,1.0,3.0,5.0,3.0,1.0,1.0,5.0,1.0,5.0
1.0,1.0,4.0,2.0,5.0,2.0,5.0,3.0,5.0,2.0
3.0,2.0,4.0,2.0,4.0,1.0,4.0,4.0,2.0,4.0
5.0,1.0,5.0,1.0,5.0,1.0,5.0,1.0,5.0,1.0
4.0,4.0,4.0,4.0,3.0,2.0,4.0,5.0,4.0,2.0
4.0,2.0,5.0,3.0,4.0,4.0,3.0,4.0,4.0,3.0
3.0,1.0,3.0,2.0,3.0,2.0,4.0,3.0,3.0,2.0
4.0,2.0,5.0,3.0,4.0,2.0,5.0,2.0,3.0,4.0
3.0,4.0,3.0,1.0,4.0,2.0,3.0,5.0,2.0,2.0
4.0,2.0,4.0,2.0,4.0,2.0,5.0,3.0,5.0,3.0
5.0,2.0,4.0,3.0,4.0,2.0,4.0,1.0,2.0,4.0
1.0,4.0,3.0,2.0,2.0,5.0,1.0,5.0,2.0,4.0
3.0,1.0,3.0,3.0,5.0,3.0,1.0,4.0,2.0,1.0
1.0,3.0,2.0,4.0,2.0,1.0,2.0,5.0,2.0,5.0
1.0,3.0,4.0,3.0,4.0,3.0,3.0,5.0,1.0,2.0
1.0,5.0,5.0,5.0,1.0,5.0,1.0,5.0,1.0,5.0
1.0,3.0,3.0,2.0,2.0,2.0,4.0,4.0,2.0,3.0
2.0,1.0,4.0,4.0,3.0,2.0,2.0,3.0,3.0,4.0
1.0,3.0,3.0,4.0,2.0,1.0,1.0,4.0,2.0,5.0
3.0,2.0,2.0,2.0,4.0,2.0,3.0,2.0,4.0,4.0
5.0,1.0,5.0,1.0,4.0,1.0,5.0,1.0,5.0,1.0
1.0,4.0,2.0,4.0,3.0,2.0,2.0,4.0,2.0,4.0
3.0,2.0,3.0,3.0,4.0,3.0,3.0,4.0,2.0,2.0
4.0,2.0,5.0,1.0,5.0,1.0,5.0,3.0,4.0,1.0
1.0,3.0,4.0,4.0,3.0,3.0,2.0,4.0,2.0,3.0
3.0,1.0,3.0,3.0,4.0,2.0,3.0,3.0,3.0,3.0
3.0,2.0,4.0,2.0,4.0,3.0,4.0,1.0,5.0,1.0
2.0,1.0,3.0,5.0,4.0,4.0,2.0,5.0,1.0,1.0
3.0,0.0,2.0,4.0,4.0,4.0,1.0,3.0,4.0,3.0
3.0,5.0,4.0,4.0,2.0,4.0,1.0,3.0,5.0,5.0
3.0,2.0,2.0,3.0,2.0,3.0,2.0,4.0,3.0,5.0
5.0,2.0,4.0,2.0,4.0,1.0,2.0,1.0,5.0,3.0
3.0,1.0,3.0,3.0,3.0,1.0,5.0,5.0,3.0,3.0
4.0,2.0,4.0,3.0,0.0,2.0,3.0,3.0,3.0,2.0
3.0,2.0,4.0,4.0,4.0,3.0,3.0,2.0,5.0,4.0
3.0,3.0,4.0,3.0,4.0,2.0,4.0,3.0,4.0,3.0
3.0,5.0,3.0,4.0,4.0,4.0,3.0,5.0,4.0,5.0
3.0,2.0,4.0,2.0,4.0,2.0,4.0,4.0,4.0,2.0
2.0,3.0,2.0,4.0,2.0,1.0,1.0,5.0,1.0,4.0
5.0,2.0,5.0,1.0,5.0,1.0,4.0,1.0,4.0,1.0
4.0,5.0,4.0,3.0,2.0,5.0,2.0,3.0,2.0,4.0
2.0,3.0,3.0,2.0,3.0,2.0,4.0,3.0,3.0,4.0
2.0,3.0,3.0,3.0,4.0,2.0,2.0,4.0,4.0,5.0
5.0,3.0,3.0,0.0,4.0,4.0,1.0,3.0,4.0,3.0
2.0,5.0,2.0,4.0,3.0,3.0,2.0,3.0,3.0,3.0
3.0,3.0,1.0,4.0,4.0,2.0,2.0,4.0,4.0,3.0
1.0,3.0,3.0,3.0,4.0,2.0,2.0,4.0,4.0,4.0
3.0,5.0,3.0,3.0,2.0,4.0,2.0,3.0,1.0,5.0
2.0,4.0,1.0,4.0,2.0,4.0,1.0,4.0,2.0,5.0
3.0,4.0,5.0,3.0,0.0,4.0,3.0,5.0,4.0,1.0
3.0,2.0,3.0,3.0,3.0,2.0,3.0,3.0,3.0,3.0
2.0,1.0,4.0,5.0,4.0,5.0,2.0,5.0,2.0,5.0
4.0,3.0,3.0,3.0,2.0,1.0,3.0,1.0,4.0,3.0
1.0,3.0,2.0,3.0,4.0,2.0,1.0,5.0,1.0,4.0
1.0,1.0,5.0,4.0,2.0,2.0,1.0,5.0,1.0,4.0
3.0,2.0,4.0,2.0,3.0,1.0,3.0,3.0,2.0,3.0
4.0,3.0,4.0,4.0,3.0,2.0,4.0,4.0,2.0,5.0
1.0,5.0,2.0,4.0,2.0,4.0,3.0,5.0,1.0,5.0
4.0,1.0,4.0,2.0,4.0,1.0,3.0,2.0,4.0,3.0
4.0,3.0,4.0,1.0,4.0,3.0,5.0,2.0,2.0,2.0
3.0,3.0,3.0,3.0,4.0,2.0,3.0,3.0,3.0,3.0
3.0,3.0,4.0,3.0,5.0,3.0,4.0,5.0,4.0,3.0
3.0,4.0,5.0,3.0,4.0,3.0,3.0,3.0,3.0,1.0
3.0,1.0,4.0,1.0,4.0,2.0,4.0,3.0,3.0,3.0
1.0,4.0,5.0,4.0,2.0,3.0,2.0,4.0,2.0,5.0
3.0,2.0,5.0,3.0,4.0,2.0,2.0,4.0,3.0,5.0
3.0,3.0,3.0,4.0,3.0,3.0,3.0,3.0,3.0,3.0
3.0,3.0,4.0,1.0,4.0,2.0,3.0,3.0,3.0,4.0
3.0,5.0,2.0,4.0,2.0,3.0,1.0,2.0,4.0,4.0
3.0,5.0,1.0,5.0,1.0,1.0,1.0,5.0,2.0,5.0
1.0,3.0,3.0,3.0,1.0,3.0,1.0,5.0,3.0,4.0
4.0,2.0,4.0,2.0,3.0,2.0,5.0,3.0,3.0,2.0
2.0,3.0,1.0,3.0,3.0,2.0,1.0,4.0,1.0,4.0
2.0,4.0,2.0,3.0,2.0,4.0,1.0,2.0,3.0,4.0
3.0,4.0,2.0,4.0,2.0,4.0,2.0,3.0,2.0,4.0
2.0,4.0,3.0,3.0,2.0,4.0,2.0,3.0,3.0,4.0
3.0,2.0,4.0,3.0,5.0,2.0,1.0,3.0,4.0,2.0
2.0,3.0,3.0,3.0,3.0,2.0,2.0,3.0,4.0,5.0
2.0,2.0,4.0,4.0,3.0,1.0,1.0,3.0,1.0,5.0
2.0,4.0,3.0,4.0,2.0,5.0,2.0,5.0,1.0,4.0
3.0,2.0,5.0,2.0,4.0,2.0,4.0,3.0,5.0,2.0
1.0,2.0,2.0,4.0,2.0,2.0,1.0,4.0,2.0,5.0
3.0,2.0,4.0,3.0,4.0,3.0,4.0,2.0,4.0,4.0
3.0,2.0,3.0,3.0,2.0,3.0,4.0,5.0,3.0,0.0
1.0,4.0,2.0,4.0,3.0,4.0,1.0,4.0,2.0,4.0
4.0,1.0,4.0,1.0,5.0,1.0,5.0,2.0,5.0,2.0
3.0,3.0,3.0,4.0,3.0,2.0,2.0,3.0,3.0,4.0
1.0,5.0,2.0,5.0,2.0,5.0,1.0,4.0,1.0,5.0
1.0,3.0,2.0,5.0,2.0,2.0,1.0,5.0,1.0,4.0
3.0,3.0,3.0,3.0,1.0,2.0,4.0,5.0,1.0,4.0
4.0,3.0,5.0,1.0,4.0,2.0,2.0,2.0,5.0,2.0
2.0,3.0,3.0,3.0,0.0,3.0,1.0,5.0,1.0,2.0
3.0,3.0,4.0,3.0,3.0,2.0,4.0,4.0,2.0,4.0
1.0,3.0,2.0,4.0,2.0,2.0,1.0,3.0,4.0,5.0
4.0,1.0,4.0,3.0,4.0,1.0,3.0,3.0,4.0,3.0
4.0,2.0,3.0,3.0,3.0,3.0,2.0,3.0,4.0,3.0
3.0,4.0,5.0,4.0,3.0,3.0,4.0,4.0,5.0,5.0
1.0,5.0,2.0,5.0,1.0,4.0,1.0,5.0,3.0,5.0
2.0,4.0,2.0,4.0,2.0,5.0,2.0,5.0,2.0,5.0
1.0,3.0,2.0,2.0,5.0,2.0,4.0,3.0,3.0,3.0
1.0,3.0,4.0,4.0,3.0,2.0,2.0,4.0,2.0,5.0
1.0,4.0,1.0,4.0,2.0,1.0,1.0,5.0,1.0,5.0
3.0,2.0,3.0,3.0,3.0,3.0,2.0,4.0,2.0,3.0
2.0,4.0,3.0,4.0,3.0,2.0,1.0,4.0,4.0,5.0
2.0,4.0,4.0,4.0,4.0,2.0,3.0,4.0,2.0,4.0
1.0,5.0,3.0,5.0,1.0,5.0,1.0,5.0,1.0,5.0
1.0,5.0,1.0,5.0,1.0,5.0,1.0,5.0,1.0,5.0
4.0,3.0,5.0,1.0,4.0,1.0,4.0,3.0,4.0,2.0
3.0,2.0,4.0,5.0,4.0,2.0,3.0,3.0,3.0,3.0
3.0,2.0,4.0,2.0,4.0,1.0,5.0,5.0,3.0,3.0
4.0,1.0,4.0,2.0,4.0,1.0,4.0,4.0,2.0,3.0
2.0,3.0,3.0,3.0,3.0,2.0,3.0,3.0,4.0,3.0
4.0,1.0,4.0,1.0,4.0,2.0,4.0,2.0,4.0,2.0
3.0,3.0,4.0,2.0,4.0,4.0,4.0,2.0,4.0,3.0
4.0,1.0,4.0,1.0,4.0,1.0,2.0,2.0,5.0,4.0
1.0,3.0,2.0,3.0,3.0,5.0,1.0,4.0,2.0,5.0
4.0,2.0,4.0,4.0,5.0,1.0,5.0,4.0,4.0,3.0
1.0,5.0,4.0,5.0,3.0,5.0,1.0,5.0,2.0,5.0
5.0,1.0,5.0,1.0,5.0,1.0,5.0,1.0,5.0,1.0
3.0,2.0,2.0,4.0,2.0,2.0,4.0,2.0,4.0,5.0
2.0,2.0,4.0,4.0,4.0,3.0,4.0,5.0,4.0,4.0
1.0,4.0,2.0,5.0,3.0,1.0,1.0,5.0,2.0,5.0
3.0,2.0,4.0,3.0,4.0,2.0,3.0,3.0,3.0,4.0
5.0,2.0,4.0,2.0,4.0,1.0,3.0,1.0,5.0,2.0
1.0,3.0,5.0,5.0,3.0,5.0,1.0,5.0,1.0,5.0
4.0,2.0,4.0,2.0,3.0,2.0,4.0,3.0,4.0,3.0
4.0,1.0,5.0,2.0,5.0,1.0,3.0,2.0,4.0,1.0
3.0,2.0,5.0,1.0,4.0,1.0,2.0,2.0,5.0,4.0
2.0,3.0,2.0,3.0,4.0,3.0,3.0,3.0,3.0,5.0
3.0,3.0,5.0,3.0,3.0,1.0,4.0,3.0,3.0,3.0
1.0,5.0,3.0,5.0,4.0,4.0,3.0,5.0,1.0,3.0
5.0,1.0,5.0,1.0,5.0,1.0,5.0,3.0,5.0,3.0
5.0,1.0,4.0,1.0,4.0,1.0,4.0,1.0,4.0,1.0
4.0,1.0,5.0,2.0,4.0,2.0,4.0,2.0,5.0,2.0
2.0,3.0,2.0,4.0,2.0,4.0,2.0,4.0,1.0,5.0
5.0,2.0,3.0,3.0,2.0,4.0,2.0,2.0,4.0,4.0
2.0,2.0,3.0,4.0,5.0,2.0,4.0,1.0,2.0,4.0
1.0,5.0,1.0,5.0,1.0,1.0,1.0,5.0,1.0,5.0
1.0,1.0,4.0,4.0,3.0,1.0,1.0,5.0,3.0,3.0
4.0,1.0,5.0,1.0,4.0,2.0,4.0,1.0,5.0,2.0
2.0,3.0,3.0,4.0,3.0,3.0,3.0,5.0,1.0,5.0
2.0,5.0,2.0,4.0,4.0,4.0,4.0,5.0,1.0,5.0
4.0,2.0,4.0,2.0,3.0,2.0,4.0,3.0,4.0,2.0
3.0,2.0,5.0,2.0,4.0,1.0,4.0,1.0,3.0,2.0
2.0,4.0,3.0,4.0,4.0,4.0,4.0,2.0,5.0,3.0
1.0,4.0,3.0,3.0,1.0,5.0,2.0,5.0,2.0,4.0
3.0,3.0,3.0,3.0,4.0,3.0,4.0,4.0,2.0,3.0
3.0,1.0,5.0,4.0,5.0,1.0,4.0,4.0,4.0,1.0
1.0,1.0,5.0,1.0,5.0,1.0,5.0,3.0,5.0,5.0
4.0,1.0,3.0,1.0,5.0,1.0,4.0,1.0,5.0,1.0
2.0,3.0,2.0,4.0,2.0,2.0,1.0,5.0,2.0,5.0
4.0,2.0,3.0,3.0,4.0,2.0,4.0,4.0,4.0,4.0
1.0,5.0,2.0,5.0,2.0,1.0,1.0,5.0,1.0,5.0
1.0,1.0,5.0,1.0,3.0,1.0,1.0,3.0,3.0,3.0
3.0,3.0,5.0,1.0,3.0,3.0,3.0,5.0,2.0,2.0
2.0,4.0,2.0,4.0,2.0,4.0,2.0,2.0,2.0,4.0
5.0,1.0,5.0,1.0,4.0,1.0,4.0,1.0,5.0,2.0
3.0,3.0,2.0,3.0,3.0,3.0,1.0,4.0,2.0,3.0
1.0,4.0,1.0,5.0,1.0,4.0,1.0,5.0,1.0,5.0
1.0,3.0,2.0,5.0,3.0,3.0,1.0,5.0,1.0,5.0
1.0,4.0,4.0,4.0,1.0,2.0,2.0,2.0,3.0,5.0
1.0,5.0,1.0,5.0,1.0,4.0,1.0,5.0,1.0,5.0
3.0,2.0,4.0,2.0,4.0,3.0,3.0,3.0,4.0,3.0
3.0,1.0,5.0,1.0,5.0,1.0,5.0,2.0,4.0,1.0
1.0,5.0,1.0,4.0,2.0,3.0,1.0,5.0,1.0,5.0
3.0,4.0,2.0,4.0,2.0,2.0,3.0,4.0,1.0,4.0
2.0,2.0,3.0,2.0,3.0,3.0,2.0,4.0,2.0,4.0
4.0,1.0,4.0,1.0,4.0,2.0,5.0,2.0,5.0,4.0
2.0,4.0,2.0,4.0,3.0,3.0,2.0,4.0,2.0,4.0
1.0,5.0,2.0,5.0,2.0,2.0,2.0,5.0,1.0,5.0
1.0,2.0,4.0,3.0,3.0,3.0,2.0,4.0,2.0,4.0
1.0,4.0,2.0,4.0,3.0,2.0,2.0,4.0,3.0,3.0
2.0,3.0,2.0,4.0,2.0,2.0,2.0,4.0,2.0,5.0
3.0,2.0,4.0,3.0,4.0,2.0,3.0,2.0,5.0,3.0
3.0,2.0,4.0,2.0,4.0,2.0,5.0,3.0,5.0,2.0
4.0,2.0,3.0,3.0,3.0,3.0,4.0,4.0,3.0,4.0
2.0,3.0,3.0,3.0,3.0,3.0,3.0,4.0,3.0,3.0
2.0,1.0,5.0,2.0,4.0,1.0,3.0,2.0,1.0,4.0
4.0,2.0,4.0,3.0,4.0,2.0,2.0,4.0,4.0,4.0
2.0,4.0,5.0,2.0,5.0,1.0,2.0,4.0,2.0,3.0
2.0,2.0,5.0,3.0,4.0,2.0,4.0,3.0,4.0,2.0
3.0,2.0,4.0,3.0,4.0,2.0,4.0,3.0,4.0,3.0
1.0,4.0,3.0,2.0,3.0,3.0,1.0,5.0,1.0,4.0
4.0,1.0,3.0,3.0,3.0,1.0,1.0,1.0,5.0,5.0
1.0,3.0,3.0,4.0,2.0,1.0,1.0,4.0,4.0,4.0
4.0,1.0,4.0,2.0,5.0,2.0,4.0,2.0,5.0,2.0
2.0,5.0,3.0,4.0,3.0,3.0,2.0,4.0,2.0,5.0
1.0,4.0,3.0,4.0,4.0,2.0,2.0,3.0,3.0,3.0
3.0,2.0,4.0,5.0,4.0,5.0,2.0,1.0,1.0,5.0
3.0,3.0,5.0,2.0,5.0,3.0,5.0,3.0,5.0,3.0
1.0,2.0,2.0,4.0,2.0,2.0,2.0,4.0,2.0,3.0
3.0,1.0,5.0,2.0,5.0,1.0,4.0,2.0,5.0,1.0
3.0,3.0,4.0,3.0,3.0,3.0,2.0,3.0,4.0,4.0
1.0,3.0,2.0,5.0,1.0,3.0,1.0,5.0,1.0,5.0
3.0,2.0,4.0,3.0,3.0,2.0,5.0,3.0,3.0,3.0
1.0,1.0,4.0,2.0,4.0,1.0,3.0,5.0,3.0,3.0
3.0,2.0,2.0,4.0,4.0,1.0,2.0,4.0,2.0,5.0
5.0,5.0,4.0,3.0,1.0,5.0,5.0,5.0,1.0,5.0
3.0,2.0,5.0,4.0,3.0,4.0,5.0,5.0,3.0,3.0
1.0,1.0,5.0,1.0,5.0,1.0,1.0,1.0,1.0,1.0
1.0,2.0,2.0,4.0,2.0,2.0,1.0,5.0,1.0,4.0
3.0,1.0,5.0,3.0,5.0,3.0,2.0,5.0,3.0,3.0
5.0,3.0,4.0,2.0,4.0,4.0,5.0,3.0,4.0,2.0
5.0,1.0,5.0,1.0,5.0,1.0,5.0,1.0,5.0,1.0
4.0,2.0,4.0,2.0,4.0,2.0,4.0,3.0,3.0,2.0
5.0,1.0,5.0,1.0,4.0,1.0,4.0,2.0,4.0,3.0
2.0,3.0,2.0,5.0,1.0,4.0,1.0,5.0,1.0,1.0
1.0,2.0,2.0,5.0,2.0,4.0,1.0,5.0,1.0,5.0
0.0,2.0,5.0,3.0,4.0,2.0,4.0,3.0,5.0,5.0
3.0,3.0,3.0,3.0,4.0,3.0,3.0,4.0,2.0,4.0
4.0,1.0,3.0,2.0,5.0,1.0,4.0,4.0,4.0,2.0
1.0,5.0,0.0,3.0,3.0,3.0,4.0,4.0,1.0,5.0
1.0,5.0,1.0,5.0,2.0,5.0,1.0,5.0,1.0,4.0
4.0,3.0,5.0,2.0,3.0,3.0,4.0,3.0,4.0,3.0
3.0,4.0,4.0,4.0,4.0,2.0,2.0,4.0,2.0,4.0
3.0,1.0,5.0,3.0,5.0,1.0,4.0,4.0,3.0,2.0
5.0,1.0,5.0,1.0,3.0,5.0,1.0,2.0,5.0,5.0
2.0,5.0,2.0,5.0,2.0,4.0,1.0,5.0,1.0,5.0
3.0,1.0,3.0,2.0,4.0,2.0,2.0,4.0,3.0,3.0
1.0,4.0,1.0,4.0,2.0,4.0,2.0,5.0,2.0,5.0
1.0,5.0,1.0,4.0,2.0,5.0,1.0,1.0,2.0,5.0
4.0,4.0,3.0,3.0,4.0,2.0,4.0,3.0,4.0,4.0
4.0,1.0,5.0,2.0,4.0,1.0,4.0,2.0,5.0,3.0
1.0,4.0,2.0,4.0,3.0,4.0,1.0,3.0,4.0,4.0
1.0,3.0,1.0,5.0,1.0,2.0,1.0,5.0,1.0,3.0
3.0,1.0,4.0,2.0,3.0,1.0,3.0,3.0,5.0,3.0
2.0,3.0,3.0,2.0,4.0,2.0,2.0,4.0,2.0,4.0
5.0,1.0,5.0,1.0,5.0,1.0,5.0,5.0,5.0,5.0
3.0,1.0,4.0,3.0,4.0,1.0,3.0,2.0,2.0,3.0
2.0,2.0,3.0,4.0,2.0,2.0,2.0,5.0,2.0,4.0
1.0,5.0,2.0,4.0,1.0,4.0,1.0,2.0,2.0,5.0
3.0,3.0,4.0,3.0,4.0,3.0,2.0,5.0,3.0,3.0
3.0,4.0,4.0,4.0,1.0,4.0,2.0,2.0,2.0,4.0
5.0,2.0,5.0,1.0,5.0,1.0,5.0,2.0,5.0,1.0
2.0,5.0,2.0,5.0,1.0,4.0,1.0,5.0,1.0,5.0
3.0,3.0,4.0,3.0,1.0,4.0,2.0,2.0,4.0,4.0
1.0,4.0,3.0,4.0,2.0,2.0,4.0,4.0,1.0,5.0
2.0,3.0,3.0,3.0,3.0,3.0,2.0,4.0,2.0,4.0
1.0,3.0,2.0,4.0,2.0,3.0,2.0,5.0,2.0,4.0
3.0,1.0,5.0,3.0,5.0,1.0,5.0,4.0,3.0,2.0
1.0,5.0,2.0,5.0,2.0,5.0,1.0,4.0,2.0,5.0
4.0,2.0,3.0,2.0,4.0,2.0,2.0,2.0,4.0,3.0
1.0,2.0,3.0,3.0,3.0,3.0,2.0,4.0,3.0,4.0
3.0,1.0,2.0,4.0,4.0,2.0,4.0,5.0,1.0,2.0
4.0,1.0,5.0,2.0,5.0,1.0,5.0,2.0,5.0,2.0
3.0,5.0,5.0,5.0,3.0,5.0,2.0,3.0,3.0,3.0
2.0,1.0,5.0,3.0,5.0,4.0,5.0,3.0,3.0,4.0
2.0,3.0,3.0,2.0,5.0,1.0,4.0,4.0,4.0,3.0
3.0,5.0,2.0,5.0,3.0,3.0,3.0,5.0,2.0,3.0
5.0,1.0,4.0,3.0,5.0,2.0,5.0,1.0,5.0,5.0
1.0,1.0,5.0,4.0,5.0,1.0,2.0,5.0,4.0,5.0
3.0,4.0,4.0,3.0,3.0,2.0,3.0,2.0,4.0,4.0
2.0,3.0,4.0,4.0,3.0,2.0,3.0,4.0,4.0,5.0
2.0,4.0,2.0,3.0,3.0,1.0,2.0,3.0,2.0,4.0
1.0,5.0,3.0,4.0,1.0,4.0,1.0,5.0,1.0,5.0
2.0,5.0,3.0,4.0,2.0,2.0,1.0,4.0,2.0,5.0
4.0,1.0,5.0,1.0,5.0,1.0,4.0,2.0,5.0,1.0
1.0,4.0,2.0,4.0,2.0,3.0,2.0,5.0,1.0,5.0
4.0,1.0,5.0,2.0,5.0,1.0,5.0,5.0,3.0,3.0
1.0,2.0,1.0,3.0,2.0,3.0,2.0,4.0,3.0,4.0
0.0,2.0,5.0,2.0,2.0,2.0,4.0,2.0,4.0,5.0
3.0,1.0,4.0,2.0,4.0,1.0,3.0,4.0,3.0,3.0
1.0,1.0,2.0,1.0,1.0,1.0,2.0,2.0,5.0,5.0
4.0,3.0,5.0,3.0,5.0,3.0,4.0,4.0,4.0,2.0
4.0,1.0,4.0,1.0,5.0,1.0,5.0,2.0,3.0,4.0
2.0,2.0,5.0,2.0,5.0,2.0,4.0,4.0,5.0,3.0
1.0,5.0,1.0,4.0,3.0,5.0,1.0,1.0,1.0,5.0
1.0,3.0,3.0,4.0,1.0,2.0,2.0,4.0,2.0,5.0
3.0,1.0,4.0,2.0,4.0,4.0,4.0,2.0,5.0,5.0
2.0,3.0,3.0,4.0,3.0,3.0,2.0,4.0,1.0,3.0
3.0,1.0,4.0,3.0,3.0,2.0,4.0,4.0,2.0,4.0
1.0,2.0,3.0,4.0,4.0,3.0,2.0,4.0,3.0,5.0
3.0,1.0,5.0,1.0,5.0,1.0,3.0,1.0,5.0,1.0
1.0,4.0,2.0,4.0,3.0,4.0,2.0,4.0,2.0,5.0
4.0,2.0,4.0,2.0,4.0,2.0,4.0,4.0,3.0,2.0
1.0,2.0,2.0,3.0,4.0,2.0,1.0,4.0,4.0,3.0
5.0,1.0,5.0,1.0,4.0,1.0,4.0,1.0,4.0,1.0
3.0,1.0,3.0,5.0,4.0,2.0,4.0,2.0,4.0,3.0
3.0,2.0,3.0,4.0,4.0,2.0,1.0,4.0,2.0,5.0
3.0,1.0,4.0,4.0,5.0,4.0,2.0,4.0,1.0,2.0
3.0,2.0,4.0,1.0,4.0,1.0,4.0,2.0,4.0,4.0
5.0,1.0,5.0,3.0,4.0,1.0,5.0,1.0,5.0,5.0
2.0,1.0,3.0,4.0,2.0,1.0,2.0,3.0,5.0,4.0
1.0,5.0,1.0,5.0,4.0,1.0,1.0,5.0,3.0,5.0
3.0,3.0,4.0,3.0,0.0,2.0,2.0,5.0,3.0,4.0
3.0,1.0,3.0,3.0,2.0,1.0,3.0,3.0,3.0,4.0
2.0,4.0,3.0,4.0,2.0,4.0,2.0,5.0,2.0,4.0
3.0,5.0,4.0,2.0,4.0,3.0,3.0,3.0,3.0,2.0
5.0,5.0,5.0,5.0,5.0,1.0,5.0,5.0,5.0,1.0
3.0,1.0,3.0,2.0,4.0,2.0,3.0,3.0,3.0,2.0
5.0,0.0,5.0,1.0,0.0,1.0,5.0,3.0,5.0,1.0
3.0,2.0,2.0,5.0,1.0,3.0,1.0,2.0,3.0,5.0
4.0,1.0,4.0,3.0,4.0,2.0,4.0,4.0,1.0,3.0
4.0,2.0,5.0,1.0,4.0,2.0,4.0,2.0,4.0,2.0
1.0,5.0,2.0,5.0,1.0,5.0,1.0,5.0,2.0,5.0
1.0,2.0,1.0,5.0,2.0,1.0,1.0,5.0,1.0,5.0
1.0,2.0,4.0,4.0,2.0,3.0,5.0,4.0,3.0,4.0
3.0,1.0,5.0,1.0,5.0,2.0,4.0,5.0,3.0,5.0
2.0,5.0,2.0,5.0,1.0,2.0,2.0,5.0,5.0,5.0
3.0,3.0,4.0,3.0,4.0,2.0,3.0,3.0,4.0,4.0
2.0,3.0,3.0,4.0,4.0,3.0,3.0,2.0,5.0,4.0
1.0,4.0,3.0,5.0,3.0,3.0,2.0,5.0,5.0,4.0
2.0,2.0,3.0,2.0,3.0,1.0,2.0,3.0,3.0,3.0
5.0,1.0,5.0,1.0,5.0,1.0,5.0,5.0,5.0,1.0
3.0,2.0,3.0,3.0,4.0,2.0,3.0,4.0,4.0,3.0
4.0,3.0,4.0,3.0,3.0,3.0,5.0,3.0,3.0,5.0
2.0,2.0,3.0,3.0,2.0,2.0,4.0,4.0,3.0,5.0
3.0,3.0,3.0,4.0,3.0,3.0,4.0,3.0,4.0,3.0
1.0,5.0,5.0,1.0,5.0,5.0,1.0,5.0,5.0,1.0
3.0,2.0,4.0,4.0,3.0,2.0,3.0,4.0,4.0,4.0
3.0,3.0,4.0,3.0,4.0,2.0,5.0,3.0,2.0,3.0
5.0,1.0,4.0,1.0,5.0,2.0,5.0,3.0,4.0,1.0
3.0,2.0,3.0,2.0,2.0,3.0,2.0,2.0,3.0,3.0
1.0,2.0,2.0,2.0,4.0,2.0,1.0,4.0,3.0,2.0
1.0,2.0,2.0,3.0,3.0,3.0,2.0,2.0,3.0,5.0
3.0,2.0,5.0,2.0,3.0,1.0,3.0,5.0,1.0,2.0
4.0,1.0,4.0,2.0,4.0,1.0,2.0,1.0,5.0,2.0
5.0,1.0,4.0,2.0,4.0,3.0,5.0,3.0,4.0,2.0
2.0,4.0,3.0,4.0,3.0,4.0,3.0,4.0,2.0,4.0
1.0,4.0,3.0,3.0,3.0,2.0,2.0,1.0,2.0,4.0
4.0,3.0,2.0,5.0,2.0,4.0,2.0,4.0,2.0,5.0
4.0,1.0,4.0,2.0,5.0,1.0,5.0,1.0,5.0,1.0
4.0,1.0,5.0,2.0,5.0,1.0,4.0,2.0,4.0,2.0
5.0,1.0,5.0,1.0,5.0,1.0,5.0,5.0,5.0,1.0
2.0,4.0,2.0,4.0,2.0,3.0,1.0,4.0,2.0,5.0
5.0,1.0,5.0,3.0,3.0,1.0,5.0,3.0,5.0,5.0
2.0,4.0,3.0,3.0,3.0,2.0,2.0,4.0,1.0,4.0
4.0,3.0,4.0,3.0,4.0,2.0,4.0,4.0,2.0,3.0
